"origin","estimate","se","ci_lo","ci_hi","within","between","domain","cycle"
"High",289.247884806635,1.87554014590385,285.571826120663,292.923943492607,2.98164533368089,0.487277732014687,"Numeracy","2012"
"Low",239.217135166175,1.83606407619968,235.618449576824,242.815820755527,2.8912623114658,0.43624452767745,"Numeracy","2012"
"Medium",270.925699960371,1.60374233648171,267.782364980867,274.069034939875,2.09183604988445,0.436503119944882,"Numeracy","2012"
"High",292.74812258818,2.6173725291069,287.618072431131,297.87817274523,6.29126672313008,0.508520211812133,"Numeracy","2023"
"Low",242.450243765355,4.24847093410902,234.123240734502,250.777246796209,17.2174915585801,0.756376108535512,"Numeracy","2023"
"Medium",278.669823350856,2.13228191358446,274.490550800231,282.849095901482,4.31730653088981,0.208472389190562,"Numeracy","2023"
